timestamp,pv_p,buy_price,load_forecast,P_battery,P_grid,SoC,sell_price,is_actual
2026-01-01 00:00:00,0.0,0.244,5.0,0.0,5.0,0.5,0.10913,True
2026-01-01 00:15:00,0.0,0.244,5.0,0.0,5.0,0.5,0.10913,True
2026-01-01 00:30:00,0.0,0.244,5.0,0.0,5.0,0.5,0.10913,True
2026-01-01 00:45:00,0.0,0.244,5.0,0.0,5.0,0.5,0.10913,True
2026-01-01 01:00:00,0.0,0.244,5.0,0.0,5.0,0.5,0.10913,True
2026-01-01 01:15:00,0.0,0.244,5.0,0.0,5.0,0.5,0.10913,True
2026-01-01 01:30:00,0.0,0.244,5.0,0.0,5.0,0.5,0.10913,True
2026-01-01 01:45:00,0.0,0.244,4.201896404505169,0.0,4.201896404505169,0.5,0.10913,False
2026-01-01 02:00:00,0.0,0.244,3.849540503043408,0.0,3.849540503043408,0.5,0.10913,False
2026-01-01 02:15:00,0.0,0.244,3.56384465256363,0.0,3.56384465256363,0.5,0.10913,False
2026-01-01 02:30:00,0.0,0.244,3.3882033294877334,0.0,3.3882033294877334,0.5,0.10913,False
2026-01-01 02:45:00,0.0,0.244,2.8823050490637647,0.0,2.8823050490637647,0.5,0.10913,False
2026-01-01 03:00:00,0.0,0.244,2.800407972591629,0.0,2.800407972591629,0.5,0.10913,False
2026-01-01 03:15:00,0.0,0.244,2.5537283517684735,0.0,2.5537283517684735,0.5,0.10913,False
2026-01-01 03:30:00,0.0,0.244,2.4211686449137764,0.0,2.4211686449137764,0.5,0.10913,False
2026-01-01 03:45:00,0.0,0.244,2.5988590877446986,0.0,2.5988590877446986,0.5,0.10913,False
2026-01-01 04:00:00,0.0,0.244,2.6684364025258502,0.0,2.6684364025258502,0.5,0.10913,False
2026-01-01 04:15:00,0.0,0.244,2.6557875400855675,0.0,2.6557875400855675,0.5,0.10913,False
2026-01-01 04:30:00,0.0,0.244,2.586073324540651,0.0,2.586073324540651,0.5,0.10913,False
2026-01-01 04:45:00,0.0,0.244,2.4905782451894805,0.0,2.4905782451894805,0.5,0.10913,False
2026-01-01 05:00:00,0.0,0.244,2.2998492410189035,0.0,2.2998492410189035,0.5,0.10913,False
2026-01-01 05:15:00,0.0,0.244,2.0834710451162355,0.0,2.0834710451162355,0.5,0.10913,False
2026-01-01 05:30:00,0.0,0.244,2.1910011210558347,0.0,2.1910011210558347,0.5,0.10913,False
2026-01-01 05:45:00,0.0,0.244,2.3719033132676577,0.0,2.3719033132676577,0.5,0.10913,False
2026-01-01 06:00:00,0.0,0.244,2.376401010656827,0.0,2.376401010656827,0.5,0.10913,False
2026-01-01 06:15:00,0.0,0.244,2.2773901993838646,0.0,2.2773901993838646,0.5,0.10913,False
2026-01-01 06:30:00,0.0,0.244,2.4657882396514434,0.0,2.4657882396514434,0.5,0.10913,False
2026-01-01 06:45:00,0.0,0.244,2.320955668114312,0.0,2.320955668114312,0.5,0.10913,False
2026-01-01 07:00:00,0.0,0.2682,2.388745216767611,2.388745216767611,0.0,0.4606568977353214,0.10913,False
2026-01-01 07:15:00,0.0,0.2682,2.160242989938588,2.160242989938588,0.0,0.42507727196647693,0.10913,False
2026-01-01 07:30:00,0.0,0.2682,2.190978240121033,2.190978240121033,0.0,0.3889914305985094,0.10913,False
2026-01-01 07:45:00,0.0,0.2682,2.2816428883352233,2.2816428883352233,0.0,0.35141232469088163,0.10913,False
2026-01-01 08:00:00,0.0,0.254,2.6795724370444067,0.0,2.6795724370444067,0.35141232469088163,0.10913,False
2026-01-01 08:15:00,0.01,0.254,2.6876504413532984,0.0,2.6776504413532987,0.35141232469088163,0.10913,False
2026-01-01 08:30:00,0.05,0.254,2.664789082789417,0.0,2.614789082789417,0.35141232469088163,0.10913,False
2026-01-01 08:45:00,0.07,0.254,2.760657152950254,0.0,2.690657152950254,0.35141232469088163,0.10913,False
2026-01-01 09:00:00,0.09,0.254,2.8154326887828534,0.0,2.7254326887828535,0.35141232469088163,0.10913,False
2026-01-01 09:15:00,0.11,0.254,2.875377958461501,0.0,2.7653779584615013,0.35141232469088163,0.10913,False
2026-01-01 09:30:00,0.13,0.254,2.983653311481509,0.0,2.853653311481509,0.35141232469088163,0.10913,False
2026-01-01 09:45:00,0.17,0.254,3.0137170961867117,0.0,2.8437170961867118,0.35141232469088163,0.10913,False
2026-01-01 10:00:00,1.72,0.254,2.9451085880016064,0.0,1.2251085880016064,0.35141232469088163,0.10913,False
2026-01-01 10:15:00,3.01,0.254,2.9005473298896383,-0.10945267011036153,0.0,0.35303476094183056,0.10913,False
2026-01-01 10:30:00,3.09,0.254,2.8889347074662894,-0.20106529253371042,0.0,0.35601518726752385,0.10913,False
2026-01-01 10:45:00,3.23,0.254,2.9210863549511967,-0.30891364504880325,0.0,0.36059426876123796,0.10913,False
2026-01-01 11:00:00,3.31,0.254,2.9488572937709407,-0.3611427062290593,0.0,0.3659475508489297,0.10913,False
2026-01-01 11:15:00,3.33,0.254,2.92017331304096,-0.4098266869590401,0.0,0.37202248417726436,0.10913,False
2026-01-01 11:30:00,3.35,0.254,2.8611704904319484,-0.4888295095680517,0.0,0.37926849029166176,0.10913,False
2026-01-01 11:45:00,3.34,0.254,2.8639560347213577,-0.4760439652786421,0.0,0.3863249740259991,0.10913,False
2026-01-01 12:00:00,3.27,0.254,2.903515352487007,-0.3664846475129928,0.0,0.39175744065236634,0.10913,False
2026-01-01 12:15:00,3.14,0.254,2.870264747432438,-0.26973525256756226,0.0,0.3957557739180895,0.10913,False
2026-01-01 12:30:00,3.0,0.254,2.868119060107719,-0.1318809398922811,0.0,0.39771066837132407,0.10913,False
2026-01-01 12:45:00,2.84,0.254,2.8682786058650906,0.0,0.02827860586509079,0.39771066837132407,0.10913,False
2026-01-01 13:00:00,2.68,0.254,2.8691523146419913,0.0,0.18915231464199111,0.39771066837132407,0.10913,False
2026-01-01 13:15:00,2.48,0.254,2.831584822745304,0.0,0.3515848227453042,0.39771066837132407,0.10913,False
2026-01-01 13:30:00,2.28,0.254,2.849516336020613,0.0,0.5695163360206132,0.39771066837132407,0.10913,False
2026-01-01 13:45:00,2.03,0.254,2.857282401221921,0.0,0.8272824012219213,0.39771066837132407,0.10913,False
2026-01-01 14:00:00,1.8,0.254,2.8676303310547326,0.0,1.0676303310547326,0.39771066837132407,0.10913,False
2026-01-01 14:15:00,1.65,0.254,2.872498358332452,0.0,1.222498358332452,0.39771066837132407,0.10913,False
2026-01-01 14:30:00,1.5,0.254,2.891984002054043,0.0,1.391984002054043,0.39771066837132407,0.10913,False
2026-01-01 14:45:00,0.84,0.254,2.8806207244758624,0.0,2.0406207244758625,0.39771066837132407,0.10913,False
2026-01-01 15:00:00,0.14,0.254,2.890804819354685,0.0,2.750804819354685,0.39771066837132407,0.10913,False
2026-01-01 15:15:00,0.12,0.254,2.9002070263339315,0.0,2.7802070263339314,0.39771066837132407,0.10913,False
2026-01-01 15:30:00,0.1,0.254,2.899010733456098,0.0,2.799010733456098,0.39771066837132407,0.10913,False
2026-01-01 15:45:00,0.07,0.254,2.78487875360293,0.0,2.71487875360293,0.39771066837132407,0.10913,False
2026-01-01 16:00:00,0.04,0.254,2.7678920060023633,0.0,2.7278920060023633,0.39771066837132407,0.10913,False
2026-01-01 16:15:00,0.02,0.254,2.7469621584855655,0.0,2.7269621584855654,0.39771066837132407,0.10913,False
2026-01-01 16:30:00,0.0,0.254,2.692309411231918,0.0,2.692309411231918,0.39771066837132407,0.10913,False
2026-01-01 16:45:00,0.0,0.254,2.7767597270285083,0.0,2.7767597270285083,0.39771066837132407,0.10913,False
2026-01-01 17:00:00,0.0,0.254,2.8384975952247915,0.0,2.8384975952247915,0.39771066837132407,0.10913,False
2026-01-01 17:15:00,0.0,0.254,2.9555661854275046,0.0,2.9555661854275046,0.39771066837132407,0.10913,False
2026-01-01 17:30:00,0.0,0.254,3.0271125101324325,0.0,3.0271125101324325,0.39771066837132407,0.10913,False
2026-01-01 17:45:00,0.0,0.254,3.069782205154518,0.0,3.069782205154518,0.39771066837132407,0.10913,False
2026-01-01 18:00:00,0.0,0.254,3.101230539040791,0.0,3.101230539040791,0.39771066837132407,0.10913,False
2026-01-01 18:15:00,0.0,0.254,3.294477894644138,0.0,3.294477894644138,0.39771066837132407,0.10913,False
2026-01-01 18:30:00,0.0,0.254,3.231482982732596,0.0,3.231482982732596,0.39771066837132407,0.10913,False
2026-01-01 18:45:00,0.0,0.254,3.0167384580741503,0.0,3.0167384580741503,0.39771066837132407,0.10913,False
2026-01-01 19:00:00,0.0,0.2682,2.7843773049500964,2.7843773049500964,0.0,0.35185142801234737,0.10913,False
2026-01-01 19:15:00,0.0,0.2682,2.6495049952415486,2.6495049952415486,0.0,0.3082135610490303,0.10913,False
2026-01-01 19:30:00,0.0,0.2682,2.5795171378388067,2.5795171378388067,0.0,0.2657284078250244,0.10913,False
2026-01-01 19:45:00,0.0,0.2682,2.383838315333165,2.383838315333165,0.0,0.2264661231894437,0.10913,False
2026-01-01 20:00:00,0.0,0.2682,2.3120834411455604,2.3120834411455604,0.0,0.18838565540621538,0.10913,False
2026-01-01 20:15:00,0.0,0.2682,2.233821448011623,2.233821448011623,0.0,0.1515941780007355,0.10913,False
2026-01-01 20:30:00,0.0,0.2682,2.14652430030199,2.14652430030199,0.0,0.11624050174108161,0.10913,False
2026-01-01 20:45:00,0.0,0.2682,2.0711033927607114,2.0711033927607114,0.0,0.08212902262219549,0.10913,False
2026-01-01 21:00:00,0.0,0.2682,2.105469892238641,1.9507370972392946,0.15473279499934645,0.05,0.10913,False
2026-01-01 21:15:00,0.0,0.2682,2.2139704780653533,-0.0,2.2139704780653533,0.05,0.10913,False
2026-01-01 21:30:00,0.0,0.2682,2.334037932933253,-0.0,2.334037932933253,0.05,0.10913,False
2026-01-01 21:45:00,0.0,0.2682,2.3775989016720738,-0.0,2.3775989016720738,0.05,0.10913,False
2026-01-01 22:00:00,0.0,0.2682,2.127892798451669,-0.0,2.127892798451669,0.05,0.10913,False
2026-01-01 22:15:00,0.0,0.2682,2.172518364217117,-0.0,2.172518364217117,0.05,0.10913,False
2026-01-01 22:30:00,0.0,0.2682,2.288213255826208,-0.0,2.288213255826208,0.05,0.10913,False
2026-01-01 22:45:00,0.0,0.2682,2.534451530083717,-0.0,2.534451530083717,0.05,0.10913,False
2026-01-01 23:00:00,0.0,0.244,2.5722416527746503,0.0,2.5722416527746503,0.05,0.10913,False
2026-01-01 23:15:00,0.0,0.244,2.5532874855937266,0.0,2.5532874855937266,0.05,0.10913,False
2026-01-01 23:30:00,0.0,0.244,2.4770116385212293,0.0,2.4770116385212293,0.05,0.10913,False
2026-01-01 23:45:00,0.0,0.244,2.224126309962868,0.0,2.224126309962868,0.05,0.10913,False
2026-01-02 00:00:00,0.0,0.244,2.466087175050881,0.0,2.466087175050881,0.05,0.10913,False
2026-01-02 00:15:00,0.0,0.244,2.5690822276868657,0.0,2.5690822276868657,0.05,0.10913,False
2026-01-02 00:30:00,0.0,0.244,2.6029724335017175,0.0,2.6029724335017175,0.05,0.10913,False
2026-01-02 00:45:00,0.0,0.244,2.6207458471640757,0.0,2.6207458471640757,0.05,0.10913,False
2026-01-02 01:00:00,0.0,0.244,2.659161968502583,0.0,2.659161968502583,0.05,0.10913,False
2026-01-02 01:15:00,0.0,0.244,2.6571370576091105,0.0,2.6571370576091105,0.05,0.10913,False
2026-01-02 01:30:00,0.0,0.244,2.6367607124430044,0.0,2.6367607124430044,0.05,0.10913,False
2026-01-02 01:45:00,0.0,0.244,2.68445618373631,0.0,2.68445618373631,0.05,0.10913,False
2026-01-02 02:00:00,0.0,0.244,2.7710112972084953,0.0,2.7710112972084953,0.05,0.10913,False
2026-01-02 02:15:00,0.0,0.244,2.7711958753717885,0.0,2.7711958753717885,0.05,0.10913,False
2026-01-02 02:30:00,0.0,0.244,2.8116773498602887,0.0,2.8116773498602887,0.05,0.10913,False
2026-01-02 02:45:00,0.0,0.244,2.7541706881070995,0.0,2.7541706881070995,0.05,0.10913,False
2026-01-02 03:00:00,0.0,0.244,2.711324266133579,0.0,2.711324266133579,0.05,0.10913,False
2026-01-02 03:15:00,0.0,0.244,2.654431943348272,0.0,2.654431943348272,0.05,0.10913,False
2026-01-02 03:30:00,0.0,0.244,2.569961408951759,0.0,2.569961408951759,0.05,0.10913,False
2026-01-02 03:45:00,0.0,0.244,2.524683318036432,0.0,2.524683318036432,0.05,0.10913,False
2026-01-02 04:00:00,0.0,0.244,2.540541912404128,0.0,2.540541912404128,0.05,0.10913,False
2026-01-02 04:15:00,0.0,0.244,2.5316126634081257,0.0,2.5316126634081257,0.05,0.10913,False
2026-01-02 04:30:00,0.0,0.244,2.470168589696186,0.0,2.470168589696186,0.05,0.10913,False
2026-01-02 04:45:00,0.0,0.244,2.485979777894445,0.0,2.485979777894445,0.05,0.10913,False
2026-01-02 05:00:00,0.0,0.244,2.147365225000981,0.0,2.147365225000981,0.05,0.10913,False
2026-01-02 05:15:00,0.0,0.244,2.1200884693102235,0.0,2.1200884693102235,0.05,0.10913,False
2026-01-02 05:30:00,0.0,0.244,2.2399905448900173,0.0,2.2399905448900173,0.05,0.10913,False
2026-01-02 05:45:00,0.0,0.244,2.2691916078657353,0.0,2.2691916078657353,0.05,0.10913,False
2026-01-02 06:00:00,0.0,0.244,2.3380692125016496,0.0,2.3380692125016496,0.05,0.10913,False
2026-01-02 06:15:00,0.0,0.244,2.2452768153518905,0.0,2.2452768153518905,0.05,0.10913,False
2026-01-02 06:30:00,0.0,0.244,2.4660943328907146,0.0,2.4660943328907146,0.05,0.10913,False
2026-01-02 06:45:00,0.0,0.244,2.3603312921796302,0.0,2.3603312921796302,0.05,0.10913,False
2026-01-02 07:00:00,0.0,0.2682,2.414046420585512,-0.0,2.414046420585512,0.05,0.10913,False
2026-01-02 07:15:00,0.0,0.2682,2.300394195981719,-0.0,2.300394195981719,0.05,0.10913,False
2026-01-02 07:30:00,0.0,0.2682,2.340961177071429,-0.0,2.340961177071429,0.05,0.10913,False
2026-01-02 07:45:00,0.0,0.2682,2.5229447296754297,-0.0,2.5229447296754297,0.05,0.10913,False
2026-01-02 08:00:00,0.0,0.254,2.4900303238713977,0.0,2.4900303238713977,0.05,0.10913,False
2026-01-02 08:15:00,0.0,0.254,2.605487128372273,0.0,2.605487128372273,0.05,0.10913,False
2026-01-02 08:30:00,0.03,0.254,2.6839022021805463,0.0,2.6539022021805465,0.05,0.10913,False
2026-01-02 08:45:00,0.08,0.254,2.8910775023516444,0.0,2.8110775023516443,0.05,0.10913,False
2026-01-02 09:00:00,0.21,0.254,3.050804758402702,0.0,2.840804758402702,0.05,0.10913,False
2026-01-02 09:15:00,0.43,0.254,2.9934547949943964,0.0,2.563454794994396,0.05,0.10913,False
2026-01-02 09:30:00,0.55,0.254,3.1414223784168667,0.0,2.5914223784168664,0.05,0.10913,False
2026-01-02 09:45:00,0.54,0.254,3.1842923820116065,0.0,2.6442923820116064,0.05,0.10913,False
2026-01-02 10:00:00,0.62,0.254,3.1591298483393078,0.0,2.5391298483393077,0.05,0.10913,False
2026-01-02 10:15:00,0.74,0.254,3.134631244084752,0.0,2.394631244084752,0.05,0.10913,False
2026-01-02 10:30:00,0.75,0.254,3.1387018773395106,0.0,2.3887018773395106,0.05,0.10913,False
2026-01-02 10:45:00,1.09,0.254,3.158328963098496,0.0,2.0683289630984962,0.05,0.10913,False
2026-01-02 11:00:00,1.48,0.254,3.09103692921747,0.0,1.61103692921747,0.05,0.10913,False
2026-01-02 11:15:00,0.58,0.254,3.0767755795754064,0.0,2.4967755795754063,0.05,0.10913,False
2026-01-02 11:30:00,0.87,0.254,3.0665304075137385,0.0,2.1965304075137384,0.05,0.10913,False
2026-01-02 11:45:00,1.06,0.254,3.0357869309331993,0.0,1.9757869309331992,0.05,0.10913,False
2026-01-02 12:00:00,1.09,0.254,3.0067072726734945,0.0,1.9167072726734944,0.05,0.10913,False
2026-01-02 12:15:00,1.06,0.254,3.0341479193754517,0.0,1.9741479193754516,0.05,0.10913,False
2026-01-02 12:30:00,1.34,0.254,3.010756351417905,0.0,1.6707563514179051,0.05,0.10913,False
2026-01-02 12:45:00,1.04,0.254,3.037835147132486,0.0,1.997835147132486,0.05,0.10913,False
2026-01-02 13:00:00,1.07,0.254,3.0060465916801853,0.0,1.9360465916801852,0.05,0.10913,False
2026-01-02 13:15:00,1.13,0.254,3.0002507989775533,0.0,1.8702507989775534,0.05,0.10913,False
2026-01-02 13:30:00,0.93,0.254,2.995554096919879,0.0,2.065554096919879,0.05,0.10913,False
2026-01-02 13:45:00,0.59,0.254,3.0003762176601345,0.0,2.4103762176601347,0.05,0.10913,False
2026-01-02 14:00:00,0.41,0.254,3.008215292310208,0.0,2.5982152923102078,0.05,0.10913,False
2026-01-02 14:15:00,0.31,0.254,3.014491409867836,0.0,2.704491409867836,0.05,0.10913,False
2026-01-02 14:30:00,0.27,0.254,3.025851841191579,0.0,2.755851841191579,0.05,0.10913,False
2026-01-02 14:45:00,0.32,0.254,2.9735201514532683,0.0,2.6535201514532685,0.05,0.10913,False
2026-01-02 15:00:00,0.38,0.254,3.02516837072734,0.0,2.64516837072734,0.05,0.10913,False
2026-01-02 15:15:00,0.3,0.254,2.9891053754632533,0.0,2.6891053754632535,0.05,0.10913,False
2026-01-02 15:30:00,0.2,0.254,3.0027301908126653,0.0,2.802730190812665,0.05,0.10913,False
2026-01-02 15:45:00,0.17,0.254,2.9995275580844054,0.0,2.8295275580844055,0.05,0.10913,False
2026-01-02 16:00:00,0.11,0.254,3.0133770595634553,0.0,2.9033770595634554,0.05,0.10913,False
2026-01-02 16:15:00,0.05,0.254,2.9861651071006206,0.0,2.9361651071006207,0.05,0.10913,False
2026-01-02 16:30:00,0.0,0.254,3.0126081688642787,0.0,3.0126081688642787,0.05,0.10913,False
2026-01-02 16:45:00,0.0,0.254,3.0261464879053075,0.0,3.0261464879053075,0.05,0.10913,False
2026-01-02 17:00:00,0.0,0.254,3.0263087094784895,0.0,3.0263087094784895,0.05,0.10913,False
2026-01-02 17:15:00,0.0,0.254,3.016558114681698,0.0,3.016558114681698,0.05,0.10913,False
2026-01-02 17:30:00,0.0,0.254,3.1250241563776853,0.0,3.1250241563776853,0.05,0.10913,False
2026-01-02 17:45:00,0.0,0.254,3.2328670989382204,0.0,3.2328670989382204,0.05,0.10913,False
2026-01-02 18:00:00,0.0,0.254,3.419328605571272,0.0,3.419328605571272,0.05,0.10913,False
2026-01-02 18:15:00,0.0,0.254,3.7301116069153015,0.0,3.7301116069153015,0.05,0.10913,False
2026-01-02 18:30:00,0.0,0.254,3.6760807032504,0.0,3.6760807032504,0.05,0.10913,False
2026-01-02 18:45:00,0.0,0.254,3.2344974182809128,0.0,3.2344974182809128,0.05,0.10913,False
2026-01-02 19:00:00,0.0,0.2682,3.0927589446811474,-0.0,3.0927589446811474,0.05,0.10913,False
2026-01-02 19:15:00,0.0,0.2682,2.8573992377816895,-0.0,2.8573992377816895,0.05,0.10913,False
2026-01-02 19:30:00,0.0,0.2682,2.629147984961571,-0.0,2.629147984961571,0.05,0.10913,False
2026-01-02 19:45:00,0.0,0.2682,2.5650289804824515,-0.0,2.5650289804824515,0.05,0.10913,False
2026-01-02 20:00:00,0.0,0.2682,2.6100930635939394,-0.0,2.6100930635939394,0.05,0.10913,False
2026-01-02 20:15:00,0.0,0.2682,2.601735435359515,-0.0,2.601735435359515,0.05,0.10913,False
2026-01-02 20:30:00,0.0,0.2682,2.615895937296625,-0.0,2.615895937296625,0.05,0.10913,False
2026-01-02 20:45:00,0.0,0.2682,2.5777463000153156,-0.0,2.5777463000153156,0.05,0.10913,False
2026-01-02 21:00:00,0.0,0.2682,2.5503910669658523,-0.0,2.5503910669658523,0.05,0.10913,False
2026-01-02 21:15:00,0.0,0.2682,2.6513446245009384,-0.0,2.6513446245009384,0.05,0.10913,False
2026-01-02 21:30:00,0.0,0.2682,2.740469745240362,-0.0,2.740469745240362,0.05,0.10913,False
2026-01-02 21:45:00,0.0,0.2682,2.8131375288382685,-0.0,2.8131375288382685,0.05,0.10913,False
2026-01-02 22:00:00,0.0,0.2682,2.6137664630748825,-0.0,2.6137664630748825,0.05,0.10913,False
2026-01-02 22:15:00,0.0,0.2682,2.583535330607568,-0.0,2.583535330607568,0.05,0.10913,False
2026-01-02 22:30:00,0.0,0.2682,2.5606636236059264,-0.0,2.5606636236059264,0.05,0.10913,False
2026-01-02 22:45:00,0.0,0.2682,2.663718726846249,-0.0,2.663718726846249,0.05,0.10913,False
2026-01-02 23:00:00,0.0,0.244,2.718273417416654,0.0,2.718273417416654,0.05,0.10913,False
2026-01-02 23:15:00,0.0,0.244,2.807754119484362,0.0,2.807754119484362,0.05,0.10913,False
2026-01-02 23:30:00,0.0,0.244,2.7379148180243655,0.0,2.7379148180243655,0.05,0.10913,False
2026-01-02 23:45:00,0.0,0.244,2.613280317329772,0.0,2.613280317329772,0.05,0.10913,False
2026-01-03 00:00:00,0.0,0.244,2.7379580634954968,0.0,2.7379580634954968,0.05,0.10913,False
2026-01-03 00:15:00,0.0,0.244,2.7630920176123337,0.0,2.7630920176123337,0.05,0.10913,False
2026-01-03 00:30:00,0.0,0.244,2.7655876256008516,0.0,2.7655876256008516,0.05,0.10913,False
2026-01-03 00:45:00,0.0,0.244,2.8611015828838666,0.0,2.8611015828838666,0.05,0.10913,False
2026-01-03 01:00:00,0.0,0.244,2.8386058758187174,0.0,2.8386058758187174,0.05,0.10913,False
2026-01-03 01:15:00,0.0,0.244,2.8167060632087315,0.0,2.8167060632087315,0.05,0.10913,False
2026-01-03 01:30:00,0.0,0.244,2.8144388852603743,0.0,2.8144388852603743,0.05,0.10913,False
2026-01-03 01:45:00,0.0,0.244,2.7840587306872853,0.0,2.7840587306872853,0.05,0.10913,False
2026-01-03 02:00:00,0.0,0.244,2.882353458983678,0.0,2.882353458983678,0.05,0.10913,False
2026-01-03 02:15:00,0.0,0.244,2.847278190854451,0.0,2.847278190854451,0.05,0.10913,False
2026-01-03 02:30:00,0.0,0.244,2.8760352123926105,0.0,2.8760352123926105,0.05,0.10913,False
2026-01-03 02:45:00,0.0,0.244,2.817957696214197,0.0,2.817957696214197,0.05,0.10913,False
2026-01-03 03:00:00,0.0,0.244,2.778872403064432,0.0,2.778872403064432,0.05,0.10913,False
2026-01-03 03:15:00,0.0,0.244,2.7322138924207144,0.0,2.7322138924207144,0.05,0.10913,False
2026-01-03 03:30:00,0.0,0.244,2.698636601958133,0.0,2.698636601958133,0.05,0.10913,False
2026-01-03 03:45:00,0.0,0.244,2.7378526162398216,0.0,2.7378526162398216,0.05,0.10913,False
2026-01-03 04:00:00,0.0,0.244,2.7342131026654393,0.0,2.7342131026654393,0.05,0.10913,False
2026-01-03 04:15:00,0.0,0.244,2.71134292951605,0.0,2.71134292951605,0.05,0.10913,False
2026-01-03 04:30:00,0.0,0.244,2.655410582136422,0.0,2.655410582136422,0.05,0.10913,False
2026-01-03 04:45:00,0.0,0.244,2.4777338338266732,0.0,2.4777338338266732,0.05,0.10913,False
2026-01-03 05:00:00,0.0,0.244,2.4239235890057618,0.0,2.4239235890057618,0.05,0.10913,False
2026-01-03 05:15:00,0.0,0.244,2.3161117612756934,0.0,2.3161117612756934,0.05,0.10913,False
2026-01-03 05:30:00,0.0,0.244,2.386854591580446,0.0,2.386854591580446,0.05,0.10913,False
2026-01-03 05:45:00,0.0,0.244,2.4576830694720355,0.0,2.4576830694720355,0.05,0.10913,False
2026-01-03 06:00:00,0.0,0.244,2.3618889446409614,0.0,2.3618889446409614,0.05,0.10913,False
2026-01-03 06:15:00,0.0,0.244,2.3510769563116902,0.0,2.3510769563116902,0.05,0.10913,False
2026-01-03 06:30:00,0.0,0.244,2.4172229900381828,0.0,2.4172229900381828,0.05,0.10913,False
2026-01-03 06:45:00,0.0,0.244,2.430848340519641,0.0,2.430848340519641,0.05,0.10913,False
2026-01-03 07:00:00,0.0,0.2682,2.4561491729838703,-0.0,2.4561491729838703,0.05,0.10913,False
2026-01-03 07:15:00,0.0,0.2682,2.4516613761535657,-0.0,2.4516613761535657,0.05,0.10913,False
2026-01-03 07:30:00,0.0,0.2682,2.464177893653018,-0.0,2.464177893653018,0.05,0.10913,False
2026-01-03 07:45:00,0.0,0.2682,2.4692762882693606,-0.0,2.4692762882693606,0.05,0.10913,False
2026-01-03 08:00:00,0.0,0.2682,2.5517781766114176,-0.0,2.5517781766114176,0.05,0.10913,False
2026-01-03 08:15:00,0.01,0.2682,2.6030317383237516,-0.0,2.593031738323752,0.05,0.10913,False
2026-01-03 08:30:00,0.04,0.2682,2.704055182407452,-0.0,2.664055182407452,0.05,0.10913,False
2026-01-03 08:45:00,0.07,0.2682,2.8396979654909167,-0.0,2.769697965490917,0.05,0.10913,False
2026-01-03 09:00:00,0.09,0.2682,2.9723656385293764,-0.0,2.8823656385293766,0.05,0.10913,False
2026-01-03 09:15:00,0.11,0.2682,2.995949638460166,-0.0,2.885949638460166,0.05,0.10913,False
2026-01-03 09:30:00,0.13,0.2682,3.0576638051246836,-0.0,2.9276638051246837,0.05,0.10913,False
2026-01-03 09:45:00,0.38,0.2682,3.092660911597153,-0.0,2.712660911597153,0.05,0.10913,False
2026-01-03 10:00:00,1.79,0.2682,3.1123775872248136,-0.0,1.3223775872248136,0.05,0.10913,False
2026-01-03 10:15:00,3.01,0.2682,3.2221025098263123,-0.0,0.2121025098263125,0.05,0.10913,False
2026-01-03 10:30:00,3.23,0.2682,3.1671425118447596,-0.06285748815524039,0.0,0.0509317476432857,0.10913,False
2026-01-03 10:45:00,3.21,0.2682,3.239239415264149,0.02923941526414886,0.0,0.05045016873867005,0.10913,False
2026-01-03 11:00:00,3.36,0.2682,3.246988989899419,-0.11301101010058101,0.0,0.052125350891455036,0.10913,False
2026-01-03 11:15:00,3.41,0.2682,3.235613089844204,-0.17438691015579622,0.0,0.054710318845571274,0.10913,False
2026-01-03 11:30:00,3.43,0.2682,3.2507915587751106,-0.17920844122488955,0.0,0.057366757205879394,0.10913,False
2026-01-03 11:45:00,3.4,0.2682,3.2748755090994077,-0.1251244909005922,0.0,0.059221499622980414,0.10913,False
2026-01-03 12:00:00,3.32,0.2682,3.39768650373019,0.07768650373019037,0.0,0.057941987668592036,0.10913,False
2026-01-03 12:15:00,3.19,0.2682,3.5176694489463647,0.32766944894636474,0.0,0.05254520757316093,0.10913,False
2026-01-03 12:30:00,3.07,0.2682,3.382759953025982,0.15453413854268508,0.15822581448329728,0.05,0.10913,False
2026-01-03 12:45:00,2.9,0.2682,3.5471845386417313,-0.0,0.6471845386417314,0.05,0.10913,False
2026-01-03 13:00:00,2.74,0.2682,3.459443509676307,-0.0,0.719443509676307,0.05,0.10913,False
2026-01-03 13:15:00,2.52,0.2682,3.429158793256992,-0.0,0.9091587932569918,0.05,0.10913,False
2026-01-03 13:30:00,2.34,0.2682,3.4549212960533358,-0.0,1.114921296053336,0.05,0.10913,False
2026-01-03 13:45:00,2.09,0.2682,3.4116593792071845,-0.0,1.3216593792071847,0.05,0.10913,False
2026-01-03 14:00:00,1.91,0.2682,3.4454995463446694,-0.0,1.5354995463446695,0.05,0.10913,False
2026-01-03 14:15:00,1.74,0.2682,3.4141420908834763,-0.0,1.6741420908834763,0.05,0.10913,False
2026-01-03 14:30:00,1.55,0.2682,3.436859166178822,-0.0,1.8868591661788219,0.05,0.10913,False
2026-01-03 14:45:00,1.12,0.2682,3.417614210322603,-0.0,2.2976142103226027,0.05,0.10913,False
2026-01-03 15:00:00,0.07,0.2682,3.554264311068899,-0.0,3.484264311068899,0.05,0.10913,False
2026-01-03 15:15:00,0.05,0.2682,3.634426134008377,-0.0,3.5844261340083774,0.05,0.10913,False
2026-01-03 15:30:00,0.04,0.2682,3.679261842827582,-0.0,3.639261842827582,0.05,0.10913,False
2026-01-03 15:45:00,0.02,0.2682,3.6831135544563813,-0.0,3.6631135544563813,0.05,0.10913,False
2026-01-03 16:00:00,0.0,0.2682,3.669896493291511,-0.0,3.669896493291511,0.05,0.10913,False
2026-01-03 16:15:00,0.0,0.2682,3.4842214520734935,-0.0,3.4842214520734935,0.05,0.10913,False
2026-01-03 16:30:00,0.0,0.2682,3.5817676444765625,-0.0,3.5817676444765625,0.05,0.10913,False
2026-01-03 16:45:00,0.0,0.2682,3.6022612534733414,-0.0,3.6022612534733414,0.05,0.10913,False
2026-01-03 17:00:00,0.0,0.2682,3.579377626952087,-0.0,3.579377626952087,0.05,0.10913,False
2026-01-03 17:15:00,0.0,0.2682,3.533998449582523,-0.0,3.533998449582523,0.05,0.10913,False
2026-01-03 17:30:00,0.0,0.2682,3.6473433475354047,-0.0,3.6473433475354047,0.05,0.10913,False
2026-01-03 17:45:00,0.0,0.2682,3.7236113041964907,-0.0,3.7236113041964907,0.05,0.10913,False
2026-01-03 18:00:00,0.0,0.2682,3.80272873592653,-0.0,3.80272873592653,0.05,0.10913,False
2026-01-03 18:15:00,0.0,0.2682,3.7175715015139508,-0.0,3.7175715015139508,0.05,0.10913,False
2026-01-03 18:30:00,0.0,0.2682,3.651518634582851,-0.0,3.651518634582851,0.05,0.10913,False
2026-01-03 18:45:00,0.0,0.2682,3.5757811463599927,-0.0,3.5757811463599927,0.05,0.10913,False
2026-01-03 19:00:00,0.0,0.2682,3.2951145345027624,-0.0,3.2951145345027624,0.05,0.10913,False
2026-01-03 19:15:00,0.0,0.2682,3.238411072748802,-0.0,3.238411072748802,0.05,0.10913,False
2026-01-03 19:30:00,0.0,0.2682,3.043463948993003,-0.0,3.043463948993003,0.05,0.10913,False
2026-01-03 19:45:00,0.0,0.2682,2.91132467579742,-0.0,2.91132467579742,0.05,0.10913,False
2026-01-03 20:00:00,0.0,0.2682,2.878379842869333,-0.0,2.878379842869333,0.05,0.10913,False
2026-01-03 20:15:00,0.0,0.2682,2.856198283442716,-0.0,2.856198283442716,0.05,0.10913,False
2026-01-03 20:30:00,0.0,0.2682,2.891659894380441,-0.0,2.891659894380441,0.05,0.10913,False
2026-01-03 20:45:00,0.0,0.2682,2.9058286484194036,-0.0,2.9058286484194036,0.05,0.10913,False
2026-01-03 21:00:00,0.0,0.2682,2.9168268479764117,-0.0,2.9168268479764117,0.05,0.10913,False
2026-01-03 21:15:00,0.0,0.2682,2.948771724406268,-0.0,2.948771724406268,0.05,0.10913,False
2026-01-03 21:30:00,0.0,0.2682,2.9327876418140493,-0.0,2.9327876418140493,0.05,0.10913,False
2026-01-03 21:45:00,0.0,0.2682,2.9266136895895234,-0.0,2.9266136895895234,0.05,0.10913,False
2026-01-03 22:00:00,0.0,0.2682,2.8905330824958875,-0.0,2.8905330824958875,0.05,0.10913,False
2026-01-03 22:15:00,0.0,0.2682,2.9111734523795785,-0.0,2.9111734523795785,0.05,0.10913,False
2026-01-03 22:30:00,0.0,0.2682,2.934918286950883,-0.0,2.934918286950883,0.05,0.10913,False
2026-01-03 22:45:00,0.0,0.2682,2.872366934182943,-0.0,2.872366934182943,0.05,0.10913,False
2026-01-03 23:00:00,0.0,0.244,2.8847300651016026,-0.0,2.8847300651016026,0.05,0.10913,False
2026-01-03 23:15:00,0.0,0.244,2.90081292356635,-0.0,2.90081292356635,0.05,0.10913,False
2026-01-03 23:30:00,0.0,0.244,2.9218979275224664,-0.0,2.9218979275224664,0.05,0.10913,False
2026-01-03 23:45:00,0.0,0.244,2.9286224551727065,-0.0,2.9286224551727065,0.05,0.10913,False
2026-01-04 00:00:00,0.0,0.244,2.875891075529928,-0.0,2.875891075529928,0.05,0.10913,False
2026-01-04 00:15:00,0.0,0.244,2.8450549289666,-0.0,2.8450549289666,0.05,0.10913,False
2026-01-04 00:30:00,0.0,0.244,2.8776736002894427,-0.0,2.8776736002894427,0.05,0.10913,False
2026-01-04 00:45:00,0.0,0.244,2.8424466396246144,-0.0,2.8424466396246144,0.05,0.10913,False
2026-01-04 01:00:00,0.0,0.244,2.883388358688462,-0.0,2.883388358688462,0.05,0.10913,False
2026-01-04 01:15:00,0.0,0.244,2.8716570576716935,-0.0,2.8716570576716935,0.05,0.10913,False
2026-01-04 01:30:00,0.0,0.244,2.8798448582780476,-0.0,2.8798448582780476,0.05,0.10913,False
2026-01-04 01:45:00,0.0,0.244,2.8792695093517495,-0.0,2.8792695093517495,0.05,0.10913,False
2026-01-04 02:00:00,0.0,0.244,2.878561577686621,-0.0,2.878561577686621,0.05,0.10913,False
2026-01-04 02:15:00,0.0,0.244,2.8616024089755876,-0.0,2.8616024089755876,0.05,0.10913,False
2026-01-04 02:30:00,0.0,0.244,2.890426611767166,-0.0,2.890426611767166,0.05,0.10913,False
2026-01-04 02:45:00,0.0,0.244,2.8748753436793084,-0.0,2.8748753436793084,0.05,0.10913,False
2026-01-04 03:00:00,0.0,0.244,2.870398879034143,-0.0,2.870398879034143,0.05,0.10913,False
2026-01-04 03:15:00,0.0,0.244,2.879787778434624,-0.0,2.879787778434624,0.05,0.10913,False
2026-01-04 03:30:00,0.0,0.244,2.851242906325958,-0.0,2.851242906325958,0.05,0.10913,False
2026-01-04 03:45:00,0.0,0.244,2.753606997863247,-0.0,2.753606997863247,0.05,0.10913,False
2026-01-04 04:00:00,0.0,0.244,2.7445751408443684,-0.0,2.7445751408443684,0.05,0.10913,False
2026-01-04 04:15:00,0.0,0.244,2.718524981851342,-0.0,2.718524981851342,0.05,0.10913,False
2026-01-04 04:30:00,0.0,0.244,2.7294033171655205,-0.0,2.7294033171655205,0.05,0.10913,False
2026-01-04 04:45:00,0.0,0.244,2.72284443836653,-0.0,2.72284443836653,0.05,0.10913,False
2026-01-04 05:00:00,0.0,0.244,2.6672143797530197,-0.0,2.6672143797530197,0.05,0.10913,False
2026-01-04 05:15:00,0.0,0.244,2.5570826025080122,-0.0,2.5570826025080122,0.05,0.10913,False
2026-01-04 05:30:00,0.0,0.244,2.586144541569035,-0.0,2.586144541569035,0.05,0.10913,False
2026-01-04 05:45:00,0.0,0.244,2.537096148712423,-0.0,2.537096148712423,0.05,0.10913,False
2026-01-04 06:00:00,0.0,0.244,2.5200036067065072,-0.0,2.5200036067065072,0.05,0.10913,False
2026-01-04 06:15:00,0.0,0.244,2.3611361006405724,-0.0,2.3611361006405724,0.05,0.10913,False
2026-01-04 06:30:00,0.0,0.244,2.466123808089692,-0.0,2.466123808089692,0.05,0.10913,False
2026-01-04 06:45:00,0.0,0.244,2.4399959467028225,-0.0,2.4399959467028225,0.05,0.10913,False
2026-01-04 07:00:00,0.0,0.244,2.544662988833738,-0.0,2.544662988833738,0.05,0.10913,False
2026-01-04 07:15:00,0.0,0.244,2.4369457345646777,0.0,2.4369457345646777,0.05,0.10913,False
2026-01-04 07:30:00,0.0,0.244,2.578606856191519,0.0,2.578606856191519,0.05,0.10913,False
2026-01-04 07:45:00,0.0,0.244,2.5503976014633967,0.0,2.5503976014633967,0.05,0.10913,False
2026-01-04 08:00:00,0.0,0.244,2.615513421305035,0.0,2.615513421305035,0.05,0.10913,False
2026-01-04 08:15:00,0.04,0.244,2.6289693894116763,0.0,2.5889693894116763,0.05,0.10913,False
2026-01-04 08:30:00,0.11,0.244,2.6803149300130964,0.0,2.5703149300130965,0.05,0.10913,False
2026-01-04 08:45:00,0.15,0.244,2.8748230488034183,0.0,2.7248230488034184,0.05,0.10913,False
2026-01-04 09:00:00,0.16,0.244,3.0703007820503787,0.0,2.9103007820503786,0.05,0.10913,False
2026-01-04 09:15:00,0.17,0.244,3.0541076202477995,0.0,2.8841076202477995,0.05,0.10913,False
2026-01-04 09:30:00,0.18,0.244,3.0505803147853876,0.0,2.8705803147853874,0.05,0.10913,False
2026-01-04 09:45:00,0.52,0.244,3.0915105875082145,0.0,2.5715105875082145,0.05,0.10913,False
2026-01-04 10:00:00,1.93,0.244,3.138808529713989,0.0,1.2088085297139892,0.05,0.10913,False
2026-01-04 10:15:00,3.06,0.244,3.1558737483587587,0.0,0.09587374835875861,0.05,0.10913,False
2026-01-04 10:30:00,3.14,0.244,3.165847271001348,0.0,0.02584727100134776,0.05,0.10913,False
2026-01-04 10:45:00,3.01,0.244,3.2383637664781033,0.0,0.22836376647810352,0.05,0.10913,False
2026-01-04 11:00:00,3.33,0.244,3.253519941408116,-0.07648005859188389,0.0,0.0511336774096882,0.10913,False
2026-01-04 11:15:00,3.36,0.244,3.2853170765021478,-0.0746829234978521,0.0,0.05224071556862565,0.10913,False
2026-01-04 11:30:00,3.33,0.244,3.365134101067143,0.0,0.035134101067142876,0.05224071556862565,0.10913,False
2026-01-04 11:45:00,3.4,0.244,3.581541532951764,0.0,0.18154153295176423,0.05224071556862565,0.10913,False
2026-01-04 12:00:00,3.47,0.244,3.4702999492087545,0.0,0.0002999492087543132,0.05224071556862565,0.10913,False
2026-01-04 12:15:00,3.02,0.244,3.5682446726469146,0.0,0.5482446726469146,0.05224071556862565,0.10913,False
2026-01-04 12:30:00,2.81,0.244,3.6609557482009776,0.0,0.8509557482009775,0.05224071556862565,0.10913,False
2026-01-04 12:45:00,2.9,0.244,3.6513119723739713,0.0,0.7513119723739714,0.05224071556862565,0.10913,False
2026-01-04 13:00:00,2.7,0.244,3.6513334831419124,0.0,0.9513334831419122,0.05224071556862565,0.10913,False
2026-01-04 13:15:00,2.45,0.244,3.620662493293888,0.0,1.1706624932938876,0.05224071556862565,0.10913,False
2026-01-04 13:30:00,2.0,0.244,3.5288912618206014,0.0,1.5288912618206014,0.05224071556862565,0.10913,False
2026-01-04 13:45:00,2.0,0.244,3.5108030212618977,0.0,1.5108030212618977,0.05224071556862565,0.10913,False
2026-01-04 14:00:00,1.89,0.244,3.543476662624986,0.0,1.6534766626249862,0.05224071556862565,0.10913,False
2026-01-04 14:15:00,1.68,0.244,3.5563062131602146,0.0,1.8763062131602146,0.05224071556862565,0.10913,False
2026-01-04 14:30:00,1.49,0.244,3.5317467970470995,0.0,2.0417467970470993,0.05224071556862565,0.10913,False
2026-01-04 14:45:00,1.07,0.244,3.5700547391756956,0.0,2.5000547391756953,0.05224071556862565,0.10913,False
2026-01-04 15:00:00,0.49,0.244,3.653418455790813,0.0,3.163418455790813,0.05224071556862565,0.10913,False
2026-01-04 15:15:00,0.42,0.244,3.7163365479881643,0.0,3.2963365479881643,0.05224071556862565,0.10913,False
2026-01-04 15:30:00,0.31,0.244,3.892332314360645,0.0,3.582332314360645,0.05224071556862565,0.10913,False
2026-01-04 15:45:00,0.26,0.244,3.9238477930882065,0.0,3.6638477930882063,0.05224071556862565,0.10913,False
2026-01-04 16:00:00,0.15,0.244,3.8288591037990094,0.0,3.6788591037990095,0.05224071556862565,0.10913,False
2026-01-04 16:15:00,0.1,0.244,3.716645594361625,0.0,3.616645594361625,0.05224071556862565,0.10913,False
2026-01-04 16:30:00,0.07,0.244,3.6171499054829424,0.0,3.5471499054829425,0.05224071556862565,0.10913,False
2026-01-04 16:45:00,0.01,0.244,3.618731026012412,0.0,3.6087310260124124,0.05224071556862565,0.10913,False
2026-01-04 17:00:00,0.0,0.244,3.6747530390410885,0.0,3.6747530390410885,0.05224071556862565,0.10913,False
2026-01-04 17:15:00,0.0,0.244,3.610316600110293,0.0,3.610316600110293,0.05224071556862565,0.10913,False
2026-01-04 17:30:00,0.0,0.244,3.69987688386031,0.0,3.69987688386031,0.05224071556862565,0.10913,False
2026-01-04 17:45:00,0.0,0.244,3.8567023873396797,0.0,3.8567023873396797,0.05224071556862565,0.10913,False
2026-01-04 18:00:00,0.0,0.244,3.8024944227768693,0.0,3.8024944227768693,0.05224071556862565,0.10913,False
2026-01-04 18:15:00,0.0,0.244,3.7783279103534273,0.0,3.7783279103534273,0.05224071556862565,0.10913,False
2026-01-04 18:30:00,0.0,0.244,3.719645171620967,0.0,3.719645171620967,0.05224071556862565,0.10913,False
2026-01-04 18:45:00,0.0,0.244,3.531566717428735,0.0,3.531566717428735,0.05224071556862565,0.10913,False
2026-01-04 19:00:00,0.0,0.244,3.433964607747116,0.0,3.433964607747116,0.05224071556862565,0.10913,False
2026-01-04 19:15:00,0.0,0.244,3.3971590190557275,0.0,3.3971590190557275,0.05224071556862565,0.10913,False
2026-01-04 19:30:00,0.0,0.244,3.517738775526652,0.0,3.517738775526652,0.05224071556862565,0.10913,False
2026-01-04 19:45:00,0.0,0.244,3.3494175344631194,0.0,3.3494175344631194,0.05224071556862565,0.10913,False
2026-01-04 20:00:00,0.0,0.244,3.264365958406306,0.0,3.264365958406306,0.05224071556862565,0.10913,False
2026-01-04 20:15:00,0.0,0.244,3.21345441533804,0.0,3.21345441533804,0.05224071556862565,0.10913,False
2026-01-04 20:30:00,0.0,0.244,3.2249991013195403,0.0,3.2249991013195403,0.05224071556862565,0.10913,False
2026-01-04 20:45:00,0.0,0.244,3.259239153262304,0.0,3.259239153262304,0.05224071556862565,0.10913,False
2026-01-04 21:00:00,0.0,0.244,3.2605657538841992,0.0,3.2605657538841992,0.05224071556862565,0.10913,False
2026-01-04 21:15:00,0.0,0.244,3.2915648671117483,0.0,3.2915648671117483,0.05224071556862565,0.10913,False
2026-01-04 21:30:00,0.0,0.244,3.2723419543668197,0.0,3.2723419543668197,0.05224071556862565,0.10913,False
2026-01-04 21:45:00,0.0,0.244,3.2684368160583785,0.0,3.2684368160583785,0.05224071556862565,0.10913,False
2026-01-04 22:00:00,0.0,0.244,3.3182739036349687,0.0,3.3182739036349687,0.05224071556862565,0.10913,False
2026-01-04 22:15:00,0.0,0.244,3.335413161954785,0.0,3.335413161954785,0.05224071556862565,0.10913,False
2026-01-04 22:30:00,0.0,0.244,3.2152277032623657,0.0,3.2152277032623657,0.05224071556862565,0.10913,False
2026-01-04 22:45:00,0.0,0.244,3.206629177482003,0.0,3.206629177482003,0.05224071556862565,0.10913,False
2026-01-04 23:00:00,0.0,0.244,3.1715057675998333,0.0,3.1715057675998333,0.05224071556862565,0.10913,False
2026-01-04 23:15:00,0.0,0.244,3.1877314135222963,0.0,3.1877314135222963,0.05224071556862565,0.10913,False
2026-01-04 23:30:00,0.0,0.244,3.18776187128153,0.0,3.18776187128153,0.05224071556862565,0.10913,False
2026-01-04 23:45:00,0.0,0.244,3.159009220593487,0.0,3.159009220593487,0.05224071556862565,0.10913,False
2026-01-05 00:00:00,0.0,0.244,3.031586128517018,0.0,3.031586128517018,0.05224071556862565,0.10913,False
2026-01-05 00:15:00,0.0,0.244,2.9255304046110786,0.0,2.9255304046110786,0.05224071556862565,0.10913,False
2026-01-05 00:30:00,0.0,0.244,3.0261666116552743,0.0,3.0261666116552743,0.05224071556862565,0.10913,False
2026-01-05 00:45:00,0.0,0.244,2.8908972577745913,0.0,2.8908972577745913,0.05224071556862565,0.10913,False
2026-01-05 01:00:00,0.0,0.244,2.9298866419161063,0.0,2.9298866419161063,0.05224071556862565,0.10913,False
2026-01-05 01:15:00,0.0,0.244,2.9652885190621707,0.0,2.9652885190621707,0.05224071556862565,0.10913,False
2026-01-05 01:30:00,0.0,0.244,2.9310517592180227,0.0,2.9310517592180227,0.05224071556862565,0.10913,False
2026-01-05 01:45:00,0.0,0.244,2.9324532441900835,0.0,2.9324532441900835,0.05224071556862565,0.10913,False
2026-01-05 02:00:00,0.0,0.244,2.914282500003114,0.0,2.914282500003114,0.05224071556862565,0.10913,False
2026-01-05 02:15:00,0.0,0.244,2.9254011830651914,0.0,2.9254011830651914,0.05224071556862565,0.10913,False
2026-01-05 02:30:00,0.0,0.244,2.9271982617933694,0.0,2.9271982617933694,0.05224071556862565,0.10913,False
2026-01-05 02:45:00,0.0,0.244,2.9258402099255374,0.0,2.9258402099255374,0.05224071556862565,0.10913,False
2026-01-05 03:00:00,0.0,0.244,2.974187818987802,0.0,2.974187818987802,0.05224071556862565,0.10913,False
2026-01-05 03:15:00,0.0,0.244,2.944551220341418,0.0,2.944551220341418,0.05224071556862565,0.10913,False
2026-01-05 03:30:00,0.0,0.244,2.9142062340490265,0.0,2.9142062340490265,0.05224071556862565,0.10913,False
2026-01-05 03:45:00,0.0,0.244,2.898869071766265,0.0,2.898869071766265,0.05224071556862565,0.10913,False
2026-01-05 04:00:00,0.0,0.244,2.87175636734262,0.0,2.87175636734262,0.05224071556862565,0.10913,False
2026-01-05 04:15:00,0.0,0.244,2.905814290163405,0.0,2.905814290163405,0.05224071556862565,0.10913,False
2026-01-05 04:30:00,0.0,0.244,2.814714183384498,0.0,2.814714183384498,0.05224071556862565,0.10913,False
2026-01-05 04:45:00,0.0,0.244,2.87841007190085,0.0,2.87841007190085,0.05224071556862565,0.10913,False
2026-01-05 05:00:00,0.0,0.244,2.7637018499272545,0.0,2.7637018499272545,0.05224071556862565,0.10913,False
2026-01-05 05:15:00,0.0,0.244,2.6841600830986696,0.0,2.6841600830986696,0.05224071556862565,0.10913,False
2026-01-05 05:30:00,0.0,0.244,2.736672452647861,0.0,2.736672452647861,0.05224071556862565,0.10913,False
2026-01-05 05:45:00,0.0,0.244,2.6624821402713397,0.0,2.6624821402713397,0.05224071556862565,0.10913,False
2026-01-05 06:00:00,0.0,0.244,2.732562749697739,0.0,2.732562749697739,0.05224071556862565,0.10913,False
2026-01-05 06:15:00,0.0,0.244,2.7152198491098503,0.0,2.7152198491098503,0.05224071556862565,0.10913,False
2026-01-05 06:30:00,0.0,0.244,2.751206922483256,0.0,2.751206922483256,0.05224071556862565,0.10913,False
2026-01-05 06:45:00,0.0,0.244,2.7635399584819833,0.0,2.7635399584819833,0.05224071556862565,0.10913,False
2026-01-05 07:00:00,0.0,0.2682,2.764763773833076,0.1360466838807621,2.628717089952314,0.05,0.10913,False
2026-01-05 07:15:00,0.0,0.2682,2.8728816320421457,-0.0,2.8728816320421457,0.05,0.10913,False
2026-01-05 07:30:00,0.0,0.2682,2.9413530034980524,-0.0,2.9413530034980524,0.05,0.10913,False
2026-01-05 07:45:00,0.0,0.2682,3.0397523022089072,-0.0,3.0397523022089072,0.05,0.10913,False
2026-01-05 08:00:00,0.0,0.254,2.7860256760676743,0.0,2.7860256760676743,0.05,0.10913,False
2026-01-05 08:15:00,0.04,0.254,3.02586467299858,0.0,2.98586467299858,0.05,0.10913,False
2026-01-05 08:30:00,0.13,0.254,3.170163127735087,0.0,3.040163127735087,0.05,0.10913,False
2026-01-05 08:45:00,0.2,0.254,3.268050112279664,0.0,3.0680501122796637,0.05,0.10913,False
2026-01-05 09:00:00,0.34,0.254,3.483351326839286,0.0,3.1433513268392863,0.05,0.10913,False
2026-01-05 09:15:00,0.45,0.254,3.5731116436291672,0.0,3.123111643629167,0.05,0.10913,False
2026-01-05 09:30:00,0.58,0.254,3.631382450244677,0.0,3.051382450244677,0.05,0.10913,False
2026-01-05 09:45:00,0.75,0.254,3.6694698888914123,0.0,2.9194698888914123,0.05,0.10913,False
2026-01-05 10:00:00,0.61,0.254,3.4772459916885525,0.0,2.8672459916885527,0.05,0.10913,False
2026-01-05 10:15:00,1.13,0.254,3.4102655436358535,0.0,2.2802655436358537,0.05,0.10913,False
2026-01-05 10:30:00,1.43,0.254,3.3633608394829926,0.0,1.9333608394829926,0.05,0.10913,False
2026-01-05 10:45:00,1.48,0.254,3.3196038776565593,0.0,1.8396038776565593,0.05,0.10913,False
2026-01-05 11:00:00,1.43,0.254,3.3177494722145,0.0,1.8877494722145,0.05,0.10913,False
2026-01-05 11:15:00,1.65,0.254,3.358370902050486,0.0,1.7083709020504863,0.05,0.10913,False
2026-01-05 11:30:00,1.5,0.254,3.378876627869787,0.0,1.8788766278697868,0.05,0.10913,False
2026-01-05 11:45:00,1.54,0.254,3.389602231416843,0.0,1.849602231416843,0.05,0.10913,False
2026-01-05 12:00:00,1.51,0.254,3.429048332163584,0.0,1.919048332163584,0.05,0.10913,False
2026-01-05 12:15:00,1.54,0.254,3.454429965035778,0.0,1.9144299650357781,0.05,0.10913,False
2026-01-05 12:30:00,2.0,0.254,3.4113376528493835,0.0,1.4113376528493835,0.05,0.10913,False
2026-01-05 12:45:00,1.35,0.254,3.467354382678948,0.0,2.117354382678948,0.05,0.10913,False
2026-01-05 13:00:00,1.02,0.254,3.420685262790027,0.0,2.400685262790027,0.05,0.10913,False
2026-01-05 13:15:00,1.11,0.254,3.4318915062497637,0.0,2.321891506249764,0.05,0.10913,False
2026-01-05 13:30:00,1.06,0.254,3.39057368361122,0.0,2.33057368361122,0.05,0.10913,False
2026-01-05 13:45:00,0.97,0.254,3.406572029747567,0.0,2.436572029747567,0.05,0.10913,False
2026-01-05 14:00:00,1.09,0.254,3.4452764983788313,0.0,2.3552764983788315,0.05,0.10913,False
2026-01-05 14:15:00,1.09,0.254,3.433566116713645,0.0,2.343566116713645,0.05,0.10913,False
2026-01-05 14:30:00,1.08,0.254,3.4534788982536173,0.0,2.3734788982536172,0.05,0.10913,False
2026-01-05 14:45:00,0.96,0.254,3.4323112432497735,0.0,2.4723112432497736,0.05,0.10913,False
2026-01-05 15:00:00,0.72,0.254,3.5093524434163235,0.0,2.7893524434163233,0.05,0.10913,False
2026-01-05 15:15:00,0.54,0.254,3.4985956856251543,0.0,2.9585956856251543,0.05,0.10913,False
2026-01-05 15:30:00,0.4,0.254,3.5636513455679455,0.0,3.1636513455679456,0.05,0.10913,False
2026-01-05 15:45:00,0.3,0.254,3.5815727169809595,0.0,3.2815727169809596,0.05,0.10913,False
2026-01-05 16:00:00,0.19,0.254,3.5932977675925386,0.0,3.4032977675925387,0.05,0.10913,False
2026-01-05 16:15:00,0.1,0.254,3.5590811842321677,0.0,3.4590811842321676,0.05,0.10913,False
2026-01-05 16:30:00,0.01,0.254,3.399059000837273,0.0,3.3890590008372734,0.05,0.10913,False
2026-01-05 16:45:00,0.0,0.254,3.3668128850172403,0.0,3.3668128850172403,0.05,0.10913,False
2026-01-05 17:00:00,0.0,0.254,3.263139163125704,0.0,3.263139163125704,0.05,0.10913,False
2026-01-05 17:15:00,0.0,0.254,3.2074902598849544,0.0,3.2074902598849544,0.05,0.10913,False
2026-01-05 17:30:00,0.0,0.254,3.4766963010514025,0.0,3.4766963010514025,0.05,0.10913,False
2026-01-05 17:45:00,0.0,0.254,3.6642944505601354,0.0,3.6642944505601354,0.05,0.10913,False
2026-01-05 18:00:00,0.0,0.254,3.5881205216669616,0.0,3.5881205216669616,0.05,0.10913,False
2026-01-05 18:15:00,0.0,0.254,3.4525345637125384,0.0,3.4525345637125384,0.05,0.10913,False
2026-01-05 18:30:00,0.0,0.254,3.449020983998325,0.0,3.449020983998325,0.05,0.10913,False
2026-01-05 18:45:00,0.0,0.254,3.4544541649163936,0.0,3.4544541649163936,0.05,0.10913,False
2026-01-05 19:00:00,0.0,0.2682,3.4641954613414647,-0.0,3.4641954613414647,0.05,0.10913,False
2026-01-05 19:15:00,0.0,0.2682,3.4649374836019162,-0.0,3.4649374836019162,0.05,0.10913,False
2026-01-05 19:30:00,0.0,0.2682,3.2255395844630197,-0.0,3.2255395844630197,0.05,0.10913,False
2026-01-05 19:45:00,0.0,0.2682,3.1854152778360825,-0.0,3.1854152778360825,0.05,0.10913,False
2026-01-05 20:00:00,0.0,0.2682,3.164487844344515,-0.0,3.164487844344515,0.05,0.10913,False
2026-01-05 20:15:00,0.0,0.2682,3.1599820737312676,-0.0,3.1599820737312676,0.05,0.10913,False
2026-01-05 20:30:00,0.0,0.2682,3.19262910575911,-0.0,3.19262910575911,0.05,0.10913,False
2026-01-05 20:45:00,0.0,0.2682,3.2480951279063235,-0.0,3.2480951279063235,0.05,0.10913,False
2026-01-05 21:00:00,0.0,0.2682,3.196454240901321,-0.0,3.196454240901321,0.05,0.10913,False
2026-01-05 21:15:00,0.0,0.2682,3.168915013088082,-0.0,3.168915013088082,0.05,0.10913,False
2026-01-05 21:30:00,0.0,0.2682,3.1653640361937834,-0.0,3.1653640361937834,0.05,0.10913,False
2026-01-05 21:45:00,0.0,0.2682,3.1868794028317784,-0.0,3.1868794028317784,0.05,0.10913,False
2026-01-05 22:00:00,0.0,0.2682,3.1517269173140656,-0.0,3.1517269173140656,0.05,0.10913,False
2026-01-05 22:15:00,0.0,0.2682,3.155869242251648,-0.0,3.155869242251648,0.05,0.10913,False
2026-01-05 22:30:00,0.0,0.2682,3.1234754475855993,-0.0,3.1234754475855993,0.05,0.10913,False
2026-01-05 22:45:00,0.0,0.2682,3.124376929863879,-0.0,3.124376929863879,0.05,0.10913,False
2026-01-05 23:00:00,0.0,0.244,3.0526224348838227,0.0,3.0526224348838227,0.05,0.10913,False
2026-01-05 23:15:00,0.0,0.244,3.037535040152052,0.0,3.037535040152052,0.05,0.10913,False
2026-01-05 23:30:00,0.0,0.244,2.99345022272945,0.0,2.99345022272945,0.05,0.10913,False
2026-01-05 23:45:00,0.0,0.244,2.982697263251698,0.0,2.982697263251698,0.05,0.10913,False
2026-01-06 00:00:00,0.0,0.244,2.798981953093062,0.0,2.798981953093062,0.05,0.10913,False
2026-01-06 00:15:00,0.0,0.244,2.8245418207487543,0.0,2.8245418207487543,0.05,0.10913,False
2026-01-06 00:30:00,0.0,0.244,2.8237287194599143,0.0,2.8237287194599143,0.05,0.10913,False
2026-01-06 00:45:00,0.0,0.244,2.891130817898282,0.0,2.891130817898282,0.05,0.10913,False
2026-01-06 01:00:00,0.0,0.244,2.8726182806849727,0.0,2.8726182806849727,0.05,0.10913,False
2026-01-06 01:15:00,0.0,0.244,2.879860597030875,0.0,2.879860597030875,0.05,0.10913,False
2026-01-06 01:30:00,0.0,0.244,2.861087467135674,0.0,2.861087467135674,0.05,0.10913,False
2026-01-06 01:45:00,0.0,0.244,2.861370658372036,0.0,2.861370658372036,0.05,0.10913,False
2026-01-06 02:00:00,0.0,0.244,2.840463862933646,0.0,2.840463862933646,0.05,0.10913,False
2026-01-06 02:15:00,0.0,0.244,2.860659584374738,0.0,2.860659584374738,0.05,0.10913,False
2026-01-06 02:30:00,0.0,0.244,2.875210929444594,0.0,2.875210929444594,0.05,0.10913,False
2026-01-06 02:45:00,0.0,0.244,2.8701142192440163,0.0,2.8701142192440163,0.05,0.10913,False
2026-01-06 03:00:00,0.0,0.244,2.8540886163456767,0.0,2.8540886163456767,0.05,0.10913,False
2026-01-06 03:15:00,0.0,0.244,2.8526590490933432,0.0,2.8526590490933432,0.05,0.10913,False
2026-01-06 03:30:00,0.0,0.244,2.7693405580628787,0.0,2.7693405580628787,0.05,0.10913,False
2026-01-06 03:45:00,0.0,0.244,2.8008049090266343,0.0,2.8008049090266343,0.05,0.10913,False
2026-01-06 04:00:00,0.0,0.244,2.8296980043870037,0.0,2.8296980043870037,0.05,0.10913,False
2026-01-06 04:15:00,0.0,0.244,2.7666608770648007,0.0,2.7666608770648007,0.05,0.10913,False
2026-01-06 04:30:00,0.0,0.244,2.8151940712023187,0.0,2.8151940712023187,0.05,0.10913,False
2026-01-06 04:45:00,0.0,0.244,2.712339754906305,0.0,2.712339754906305,0.05,0.10913,False
2026-01-06 05:00:00,0.0,0.244,2.7539919302807876,0.0,2.7539919302807876,0.05,0.10913,False
2026-01-06 05:15:00,0.0,0.244,2.597278636395972,0.0,2.597278636395972,0.05,0.10913,False
2026-01-06 05:30:00,0.0,0.244,2.62783432041419,0.0,2.62783432041419,0.05,0.10913,False
2026-01-06 05:45:00,0.0,0.244,2.5411647019374852,0.0,2.5411647019374852,0.05,0.10913,False
2026-01-06 06:00:00,0.0,0.244,2.5976147966617638,0.0,2.5976147966617638,0.05,0.10913,False
2026-01-06 06:15:00,0.0,0.244,2.5111891366984134,0.0,2.5111891366984134,0.05,0.10913,False
2026-01-06 06:30:00,0.0,0.244,2.5922749228601063,0.0,2.5922749228601063,0.05,0.10913,False
2026-01-06 06:45:00,0.0,0.244,2.468127065396996,0.0,2.468127065396996,0.05,0.10913,False
2026-01-06 07:00:00,0.0,0.2682,2.599640105574687,-0.0,2.599640105574687,0.05,0.10913,False
2026-01-06 07:15:00,0.0,0.2682,2.6261381402689588,-0.0,2.6261381402689588,0.05,0.10913,False
2026-01-06 07:30:00,0.0,0.2682,2.609531254182539,-0.0,2.609531254182539,0.05,0.10913,False
2026-01-06 07:45:00,0.0,0.2682,2.7109778110857574,-0.0,2.7109778110857574,0.05,0.10913,False
2026-01-06 08:00:00,0.0,0.254,2.8130078780561574,0.0,2.8130078780561574,0.05,0.10913,False
2026-01-06 08:15:00,0.0,0.254,2.7850887393131876,0.0,2.7850887393131876,0.05,0.10913,False
2026-01-06 08:30:00,0.05,0.254,2.8608286913217493,0.0,2.8108286913217495,0.05,0.10913,False
2026-01-06 08:45:00,0.04,0.254,3.013238363871359,0.0,2.973238363871359,0.05,0.10913,False
2026-01-06 09:00:00,0.04,0.254,3.1295976668955885,0.0,3.0895976668955885,0.05,0.10913,False
2026-01-06 09:15:00,0.08,0.254,3.143602085272789,0.0,3.0636020852727888,0.05,0.10913,False
2026-01-06 09:30:00,0.18,0.254,3.2439344349242347,0.0,3.0639344349242346,0.05,0.10913,False
2026-01-06 09:45:00,0.19,0.254,3.449023714993735,0.0,3.259023714993735,0.05,0.10913,False
2026-01-06 10:00:00,0.24,0.254,3.442864281544447,0.0,3.2028642815444472,0.05,0.10913,False
2026-01-06 10:15:00,0.26,0.254,3.4365139087656753,0.0,3.176513908765675,0.05,0.10913,False
2026-01-06 10:30:00,0.31,0.254,3.404056324410358,0.0,3.094056324410358,0.05,0.10913,False
2026-01-06 10:45:00,0.23,0.254,3.4074923695557615,0.0,3.1774923695557615,0.05,0.10913,False
2026-01-06 11:00:00,0.1,0.254,3.582932372656119,0.0,3.4829323726561188,0.05,0.10913,False
2026-01-06 11:15:00,0.16,0.254,3.428676717551232,0.0,3.268676717551232,0.05,0.10913,False
2026-01-06 11:30:00,0.49,0.254,3.442473050809242,0.0,2.9524730508092416,0.05,0.10913,False
2026-01-06 11:45:00,0.36,0.254,3.515691825001109,0.0,3.1556918250011092,0.05,0.10913,False
2026-01-06 12:00:00,0.29,0.254,3.664607484054747,0.0,3.374607484054747,0.05,0.10913,False
2026-01-06 12:15:00,0.18,0.254,3.6309807438503716,0.0,3.4509807438503715,0.05,0.10913,False
2026-01-06 12:30:00,0.18,0.254,3.5312996487482944,0.0,3.3512996487482942,0.05,0.10913,False
2026-01-06 12:45:00,0.24,0.254,3.541231525508966,0.0,3.3012315255089657,0.05,0.10913,False
2026-01-06 13:00:00,0.26,0.254,3.581098696247797,0.0,3.3210986962477973,0.05,0.10913,False
2026-01-06 13:15:00,0.27,0.254,3.5666529719563664,0.0,3.2966529719563664,0.05,0.10913,False
2026-01-06 13:30:00,0.19,0.254,3.5638917531472747,0.0,3.3738917531472747,0.05,0.10913,False
2026-01-06 13:45:00,0.17,0.254,3.5718551800224465,0.0,3.4018551800224466,0.05,0.10913,False
2026-01-06 14:00:00,0.16,0.254,3.6118109421061777,0.0,3.4518109421061776,0.05,0.10913,False
2026-01-06 14:15:00,0.25,0.254,3.6110822887773932,0.0,3.3610822887773932,0.05,0.10913,False
2026-01-06 14:30:00,0.17,0.254,3.6179725450482163,0.0,3.4479725450482164,0.05,0.10913,False
2026-01-06 14:45:00,0.11,0.254,3.6185192422461965,0.0,3.5085192422461966,0.05,0.10913,False
2026-01-06 15:00:00,0.06,0.254,3.604353456431697,0.0,3.544353456431697,0.05,0.10913,False
2026-01-06 15:15:00,0.05,0.254,3.6397023352414637,0.0,3.589702335241464,0.05,0.10913,False
2026-01-06 15:30:00,0.02,0.254,3.7202906864356957,0.0,3.7002906864356957,0.05,0.10913,False
2026-01-06 15:45:00,0.0,0.254,3.816748089529886,0.0,3.816748089529886,0.05,0.10913,False
2026-01-06 16:00:00,0.0,0.254,3.898591857608444,0.0,3.898591857608444,0.05,0.10913,False
2026-01-06 16:15:00,0.0,0.254,3.829713372805957,0.0,3.829713372805957,0.05,0.10913,False
2026-01-06 16:30:00,0.0,0.254,3.548911535337463,0.0,3.548911535337463,0.05,0.10913,False
2026-01-06 16:45:00,0.0,0.254,3.373124537176615,0.0,3.373124537176615,0.05,0.10913,False
2026-01-06 17:00:00,0.0,0.254,3.419884987613418,0.0,3.419884987613418,0.05,0.10913,False
2026-01-06 17:15:00,0.0,0.254,3.4410807478007275,0.0,3.4410807478007275,0.05,0.10913,False
2026-01-06 17:30:00,0.0,0.254,3.499546252690799,0.0,3.499546252690799,0.05,0.10913,False
2026-01-06 17:45:00,0.0,0.254,3.6219032696143794,0.0,3.6219032696143794,0.05,0.10913,False
2026-01-06 18:00:00,0.0,0.254,3.696302409236345,0.0,3.696302409236345,0.05,0.10913,False
2026-01-06 18:15:00,0.0,0.254,3.6612187872399273,0.0,3.6612187872399273,0.05,0.10913,False
2026-01-06 18:30:00,0.0,0.254,3.506371164193691,0.0,3.506371164193691,0.05,0.10913,False
2026-01-06 18:45:00,0.0,0.254,3.454539344186635,0.0,3.454539344186635,0.05,0.10913,False
2026-01-06 19:00:00,0.0,0.2682,3.3974450682407538,-0.0,3.3974450682407538,0.05,0.10913,False
2026-01-06 19:15:00,0.0,0.2682,3.344509706531332,-0.0,3.344509706531332,0.05,0.10913,False
2026-01-06 19:30:00,0.0,0.2682,3.1568876438283553,-0.0,3.1568876438283553,0.05,0.10913,False
2026-01-06 19:45:00,0.0,0.2682,3.0715539374820477,-0.0,3.0715539374820477,0.05,0.10913,False
2026-01-06 20:00:00,0.0,0.2682,3.0533825096660205,-0.0,3.0533825096660205,0.05,0.10913,False
2026-01-06 20:15:00,0.0,0.2682,3.0580933290356667,-0.0,3.0580933290356667,0.05,0.10913,False
2026-01-06 20:30:00,0.0,0.2682,3.021991614695726,-0.0,3.021991614695726,0.05,0.10913,False
2026-01-06 20:45:00,0.0,0.2682,3.016036088603362,-0.0,3.016036088603362,0.05,0.10913,False
2026-01-06 21:00:00,0.0,0.2682,3.0542388213416967,-0.0,3.0542388213416967,0.05,0.10913,False
2026-01-06 21:15:00,0.0,0.2682,3.0222736949834648,-0.0,3.0222736949834648,0.05,0.10913,False
2026-01-06 21:30:00,0.0,0.2682,3.0258184444669647,-0.0,3.0258184444669647,0.05,0.10913,False
2026-01-06 21:45:00,0.0,0.2682,2.95552550628447,-0.0,2.95552550628447,0.05,0.10913,False
2026-01-06 22:00:00,0.0,0.2682,2.9858662734608803,-0.0,2.9858662734608803,0.05,0.10913,False
2026-01-06 22:15:00,0.0,0.2682,3.025995031422995,-0.0,3.025995031422995,0.05,0.10913,False
2026-01-06 22:30:00,0.0,0.2682,2.975788247978023,-0.0,2.975788247978023,0.05,0.10913,False
2026-01-06 22:45:00,0.0,0.2682,2.9855580689028276,-0.0,2.9855580689028276,0.05,0.10913,False
2026-01-06 23:00:00,0.0,0.244,3.0065565194002173,0.0,3.0065565194002173,0.05,0.10913,False
2026-01-06 23:15:00,0.0,0.244,2.987550518331215,0.0,2.987550518331215,0.05,0.10913,False
2026-01-06 23:30:00,0.0,0.244,2.9682160328308425,0.0,2.9682160328308425,0.05,0.10913,False
2026-01-06 23:45:00,0.0,0.244,2.9677851579855026,0.0,2.9677851579855026,0.05,0.10913,False
2026-01-07 00:00:00,0.0,0.244,2.887477911098871,0.0,2.887477911098871,0.05,0.10913,False
2026-01-07 00:15:00,0.0,0.244,2.855916525572524,0.0,2.855916525572524,0.05,0.10913,False
2026-01-07 00:30:00,0.0,0.244,2.9080777808007134,0.0,2.9080777808007134,0.05,0.10913,False
2026-01-07 00:45:00,0.0,0.244,2.9083852614922097,0.0,2.9083852614922097,0.05,0.10913,False
2026-01-07 01:00:00,0.0,0.244,2.905765658453168,0.0,2.905765658453168,0.05,0.10913,False
2026-01-07 01:15:00,0.0,0.244,2.854250494512522,0.0,2.854250494512522,0.05,0.10913,False
2026-01-07 01:30:00,0.0,0.244,2.9078650880686663,0.0,2.9078650880686663,0.05,0.10913,False
2026-01-07 01:45:00,0.0,0.244,2.8630131169528004,0.0,2.8630131169528004,0.05,0.10913,False
2026-01-07 02:00:00,0.0,0.244,2.903024811974737,0.0,2.903024811974737,0.05,0.10913,False
2026-01-07 02:15:00,0.0,0.244,2.9020535037180473,0.0,2.9020535037180473,0.05,0.10913,False
2026-01-07 02:30:00,0.0,0.244,2.9166647227825284,0.0,2.9166647227825284,0.05,0.10913,False
2026-01-07 02:45:00,0.0,0.244,2.926658800315262,0.0,2.926658800315262,0.05,0.10913,False
2026-01-07 03:00:00,0.0,0.244,2.9070800742885634,0.0,2.9070800742885634,0.05,0.10913,False
2026-01-07 03:15:00,0.0,0.244,2.8462908913566256,0.0,2.8462908913566256,0.05,0.10913,False
2026-01-07 03:30:00,0.0,0.244,2.8460788641727284,0.0,2.8460788641727284,0.05,0.10913,False
2026-01-07 03:45:00,0.0,0.244,2.785196413862987,0.0,2.785196413862987,0.05,0.10913,False
2026-01-07 04:00:00,0.0,0.244,2.8076649001299656,0.0,2.8076649001299656,0.05,0.10913,False
2026-01-07 04:15:00,0.0,0.244,2.8151033390199243,0.0,2.8151033390199243,0.05,0.10913,False
2026-01-07 04:30:00,0.0,0.244,2.8232736347377076,0.0,2.8232736347377076,0.05,0.10913,False
2026-01-07 04:45:00,0.0,0.244,2.7767587837459833,0.0,2.7767587837459833,0.05,0.10913,False
2026-01-07 05:00:00,0.0,0.244,2.5890913102475115,0.0,2.5890913102475115,0.05,0.10913,False
2026-01-07 05:15:00,0.0,0.244,2.5532370368567565,0.0,2.5532370368567565,0.05,0.10913,False
2026-01-07 05:30:00,0.0,0.244,2.6222625870377154,0.0,2.6222625870377154,0.05,0.10913,False
2026-01-07 05:45:00,0.0,0.244,2.586862551798687,0.0,2.586862551798687,0.05,0.10913,False
2026-01-07 06:00:00,0.0,0.244,2.5951875798196276,0.0,2.5951875798196276,0.05,0.10913,False
2026-01-07 06:15:00,0.0,0.244,2.531317648720646,0.0,2.531317648720646,0.05,0.10913,False
2026-01-07 06:30:00,0.0,0.244,2.544868630633471,0.0,2.544868630633471,0.05,0.10913,False
2026-01-07 06:45:00,0.0,0.244,2.5831445166630513,0.0,2.5831445166630513,0.05,0.10913,False
2026-01-07 07:00:00,0.0,0.2682,2.5623249333276075,-0.0,2.5623249333276075,0.05,0.10913,False
2026-01-07 07:15:00,0.0,0.2682,2.565508100220943,-0.0,2.565508100220943,0.05,0.10913,False
2026-01-07 07:30:00,0.0,0.2682,2.540663208796626,-0.0,2.540663208796626,0.05,0.10913,False
2026-01-07 07:45:00,0.0,0.2682,2.636449470352666,-0.0,2.636449470352666,0.05,0.10913,False
2026-01-07 08:00:00,0.0,0.254,2.692974939348924,0.0,2.692974939348924,0.05,0.10913,False
2026-01-07 08:15:00,0.0,0.254,2.824108214543531,0.0,2.824108214543531,0.05,0.10913,False
2026-01-07 08:30:00,0.0,0.254,2.953056994615388,0.0,2.953056994615388,0.05,0.10913,False
2026-01-07 08:45:00,0.0,0.254,3.0624376948461407,0.0,3.0624376948461407,0.05,0.10913,False
2026-01-07 09:00:00,0.05,0.254,2.957772516968932,0.0,2.907772516968932,0.05,0.10913,False
2026-01-07 09:15:00,0.13,0.254,3.0950272405895505,0.0,2.9650272405895506,0.05,0.10913,False
2026-01-07 09:30:00,0.2,0.254,3.282272789970876,0.0,3.082272789970876,0.05,0.10913,False
2026-01-07 09:45:00,0.39,0.254,3.5201412064976583,0.0,3.130141206497658,0.05,0.10913,False
2026-01-07 10:00:00,0.6,0.254,3.6981375965655277,0.0,3.0981375965655276,0.05,0.10913,False
2026-01-07 10:15:00,0.56,0.254,3.559084518995597,0.0,2.999084518995597,0.05,0.10913,False
2026-01-07 10:30:00,0.83,0.254,3.4842090834030133,0.0,2.654209083403013,0.05,0.10913,False
2026-01-07 10:45:00,0.84,0.254,3.703155038085997,0.0,2.8631550380859974,0.05,0.10913,False
2026-01-07 11:00:00,1.04,0.254,3.8367995049869856,0.0,2.7967995049869856,0.05,0.10913,False
2026-01-07 11:15:00,1.19,0.254,3.7079510876960025,0.0,2.5179510876960025,0.05,0.10913,False
2026-01-07 11:30:00,1.36,0.254,3.623126953190754,0.0,2.2631269531907536,0.05,0.10913,False
2026-01-07 11:45:00,1.16,0.254,3.4902791321992455,0.0,2.3302791321992453,0.05,0.10913,False
2026-01-07 12:00:00,1.73,0.254,3.506526716721819,0.0,1.7765267167218188,0.05,0.10913,False
2026-01-07 12:15:00,1.45,0.254,3.4952936980570604,0.0,2.04529369805706,0.05,0.10913,False
2026-01-07 12:30:00,0.97,0.254,3.4390457482822345,0.0,2.4690457482822348,0.05,0.10913,False
2026-01-07 12:45:00,0.6,0.254,3.513720148883653,0.0,2.913720148883653,0.05,0.10913,False
2026-01-07 13:00:00,0.75,0.254,3.539476972244301,0.0,2.789476972244301,0.05,0.10913,False
2026-01-07 13:15:00,0.54,0.254,3.4972013209432804,0.0,2.9572013209432804,0.05,0.10913,False
2026-01-07 13:30:00,0.53,0.254,3.574428928908493,0.0,3.044428928908493,0.05,0.10913,False
2026-01-07 13:45:00,0.71,0.254,3.604851543450329,0.0,2.8948515434503292,0.05,0.10913,False
2026-01-07 14:00:00,0.66,0.254,3.600440242153613,0.0,2.940440242153613,0.05,0.10913,False
2026-01-07 14:15:00,0.7,0.254,3.557261260579635,0.0,2.8572612605796355,0.05,0.10913,False
2026-01-07 14:30:00,0.82,0.254,3.5841927713579187,0.0,2.764192771357919,0.05,0.10913,False
2026-01-07 14:45:00,0.65,0.254,3.5614980199160717,0.0,2.911498019916072,0.05,0.10913,False
2026-01-07 15:00:00,0.54,0.254,3.574161919003952,0.0,3.034161919003952,0.05,0.10913,False
2026-01-07 15:15:00,0.46,0.254,3.6011198994633307,0.0,3.1411198994633307,0.05,0.10913,False
2026-01-07 15:30:00,0.33,0.254,3.604513934296837,0.0,3.274513934296837,0.05,0.10913,False
2026-01-07 15:45:00,0.19,0.254,3.5811995544481534,0.0,3.3911995544481535,0.05,0.10913,False
2026-01-07 16:00:00,0.09,0.254,3.7635447255811156,0.0,3.6735447255811158,0.05,0.10913,False
2026-01-07 16:15:00,0.04,0.254,3.7960148990656113,0.0,3.7560148990656113,0.05,0.10913,False
2026-01-07 16:30:00,0.0,0.254,3.616307440783487,0.0,3.616307440783487,0.05,0.10913,False
2026-01-07 16:45:00,0.0,0.254,3.5572364811540065,0.0,3.5572364811540065,0.05,0.10913,False
2026-01-07 17:00:00,0.0,0.254,3.5663479520160632,0.0,3.5663479520160632,0.05,0.10913,False
2026-01-07 17:15:00,0.0,0.254,3.586237231579806,0.0,3.586237231579806,0.05,0.10913,False
2026-01-07 17:30:00,0.0,0.254,3.6783761350258466,0.0,3.6783761350258466,0.05,0.10913,False
2026-01-07 17:45:00,0.0,0.254,3.8747448250494365,0.0,3.8747448250494365,0.05,0.10913,False
2026-01-07 18:00:00,0.0,0.254,3.8124338887978926,0.0,3.8124338887978926,0.05,0.10913,False
2026-01-07 18:15:00,0.0,0.254,3.726967196089148,0.0,3.726967196089148,0.05,0.10913,False
2026-01-07 18:30:00,0.0,0.254,3.640609104788237,0.0,3.640609104788237,0.05,0.10913,False
2026-01-07 18:45:00,0.0,0.254,3.3349625031409804,0.0,3.3349625031409804,0.05,0.10913,False
2026-01-07 19:00:00,0.0,0.2682,3.299111385621705,-0.0,3.299111385621705,0.05,0.10913,False
2026-01-07 19:15:00,0.0,0.2682,3.2239479807735196,-0.0,3.2239479807735196,0.05,0.10913,False
2026-01-07 19:30:00,0.0,0.2682,3.16757139059898,-0.0,3.16757139059898,0.05,0.10913,False
2026-01-07 19:45:00,0.0,0.2682,3.1191574291951647,-0.0,3.1191574291951647,0.05,0.10913,False
2026-01-07 20:00:00,0.0,0.2682,3.0924647791695294,-0.0,3.0924647791695294,0.05,0.10913,False
2026-01-07 20:15:00,0.0,0.2682,3.016462072551139,-0.0,3.016462072551139,0.05,0.10913,False
2026-01-07 20:30:00,0.0,0.2682,3.028040930270706,-0.0,3.028040930270706,0.05,0.10913,False
2026-01-07 20:45:00,0.0,0.2682,3.005247630485461,-0.0,3.005247630485461,0.05,0.10913,False
2026-01-07 21:00:00,0.0,0.2682,3.0180366174980664,-0.0,3.0180366174980664,0.05,0.10913,False
2026-01-07 21:15:00,0.0,0.2682,3.0323192081459904,-0.0,3.0323192081459904,0.05,0.10913,False
2026-01-07 21:30:00,0.0,0.2682,3.0070891827359736,-0.0,3.0070891827359736,0.05,0.10913,False
2026-01-07 21:45:00,0.0,0.2682,3.0274672737548336,-0.0,3.0274672737548336,0.05,0.10913,False
2026-01-07 22:00:00,0.0,0.2682,2.947600906765534,-0.0,2.947600906765534,0.05,0.10913,False
2026-01-07 22:15:00,0.0,0.2682,2.9888389585327833,-0.0,2.9888389585327833,0.05,0.10913,False
2026-01-07 22:30:00,0.0,0.2682,3.012543344674081,-0.0,3.012543344674081,0.05,0.10913,False
2026-01-07 22:45:00,0.0,0.2682,3.0216662125831233,-0.0,3.0216662125831233,0.05,0.10913,False
2026-01-07 23:00:00,0.0,0.244,2.9623061809715945,-0.0,2.9623061809715945,0.05,0.10913,False
2026-01-07 23:15:00,0.0,0.244,3.0068433241066477,-0.0,3.0068433241066477,0.05,0.10913,False
2026-01-07 23:30:00,0.0,0.244,2.998060662254137,-0.0,2.998060662254137,0.05,0.10913,False
2026-01-07 23:45:00,0.0,0.244,2.940171583548123,-0.0,2.940171583548123,0.05,0.10913,False
